Station Name,time,temp,rh,isol,prec,ws,wd
Wainwright CFB Airfield 21,2024-04-01 00:00,2.2,53,0,0,21.3,203
Wainwright CFB Airfield 21,2024-04-01 01:00,2.2,58,0,0,24.3,202
Wainwright CFB Airfield 21,2024-04-01 02:00,1.9,62,0,0,15.7,214
Wainwright CFB Airfield 21,2024-04-01 03:00,1.3,65,0,0,16.3,212
Wainwright CFB Airfield 21,2024-04-01 04:00,0.3,68,0,0,15.6,228
Wainwright CFB Airfield 21,2024-04-01 05:00,0.6,69,0,0,14.9,242
Wainwright CFB Airfield 21,2024-04-01 06:00,1.2,68,1.2,0,16.9,274
Wainwright CFB Airfield 21,2024-04-01 07:00,3.3,61,59.2,0,20,301
Wainwright CFB Airfield 21,2024-04-01 08:00,6.5,48,198,0,24.6,321
Wainwright CFB Airfield 21,2024-04-01 09:00,7.5,44,361.6,0,19.1,332
Wainwright CFB Airfield 21,2024-04-01 10:00,8.6,42,509.1,0,22,319
Wainwright CFB Airfield 21,2024-04-01 11:00,10.1,35,624.2,0,22.3,327
Wainwright CFB Airfield 21,2024-04-01 12:00,10.9,25,696.5,0,24.7,320
Wainwright CFB Airfield 21,2024-04-01 13:00,11.1,26,711.5,0,27.5,305
Wainwright CFB Airfield 21,2024-04-01 14:00,11.5,23,696,0,32.4,303
Wainwright CFB Airfield 21,2024-04-01 15:00,11.4,22,625.8,0,32.1,304
Wainwright CFB Airfield 21,2024-04-01 16:00,11.5,22,514.7,0,27.4,309
Wainwright CFB Airfield 21,2024-04-01 17:00,10.9,23,367.8,0,26.3,319
Wainwright CFB Airfield 21,2024-04-01 18:00,9.6,25,175.6,0,19.8,306
Wainwright CFB Airfield 21,2024-04-01 19:00,6.1,32,65,0,9.9,298
Wainwright CFB Airfield 21,2024-04-01 20:00,4.1,37,1.4,0,8.6,278
Wainwright CFB Airfield 21,2024-04-01 21:00,4.2,35,0,0,4.4,293
Wainwright CFB Airfield 21,2024-04-01 22:00,3.2,39,0,0,5.5,222
Wainwright CFB Airfield 21,2024-04-01 23:00,1.6,45,0,0,6.8,222
Wainwright CFB Airfield 21,2024-04-02 00:00,1.2,47,0,0,11.2,230
Wainwright CFB Airfield 21,2024-04-02 01:00,-0.5,53,0,0,11,219.7
Wainwright CFB Airfield 21,2024-04-02 02:00,-0.8,55,0,0,7.6,222
Wainwright CFB Airfield 21,2024-04-02 03:00,-1.6,59,0,0,6.5,217
Wainwright CFB Airfield 21,2024-04-02 04:00,-1.7,62,0,0,11.4,219
Wainwright CFB Airfield 21,2024-04-02 05:00,-2.3,67,0,0,6.3,200
Wainwright CFB Airfield 21,2024-04-02 06:00,-1.9,67,1.4,0,9.2,215
Wainwright CFB Airfield 21,2024-04-02 07:00,0.4,64.4,57.1,0,8,189.2
Wainwright CFB Airfield 21,2024-04-02 08:00,6.5,45,205.9,0,12.8,185
Wainwright CFB Airfield 21,2024-04-02 09:00,9.6,37,346.9,0,16.2,204
Wainwright CFB Airfield 21,2024-04-02 10:00,12.5,32,447.6,0,21.5,198
Wainwright CFB Airfield 21,2024-04-02 11:00,13.5,34,329.4,0,19.1,200
Wainwright CFB Airfield 21,2024-04-02 12:00,14.9,31,417.8,0,19.6,211
Wainwright CFB Airfield 21,2024-04-02 13:00,17,26,551.2,0,20.4,188
Wainwright CFB Airfield 21,2024-04-02 14:00,18,25,540.1,0,22.2,198
Wainwright CFB Airfield 21,2024-04-02 15:00,19.9,23,570.3,0,27.9,193
Wainwright CFB Airfield 21,2024-04-02 16:00,19.2,26,417.8,0,27.8,199
Wainwright CFB Airfield 21,2024-04-02 17:00,18.1,31,365.4,0,21.5,194
Wainwright CFB Airfield 21,2024-04-02 18:00,18.9,32,160.1,0,19.9,202
Wainwright CFB Airfield 21,2024-04-02 19:00,15.8,37,39.2,0,19.2,186
Wainwright CFB Airfield 21,2024-04-02 20:00,11.9,47,0.7,0,13.6,176
Wainwright CFB Airfield 21,2024-04-02 21:00,9.1,59,0,0,16.1,170
Wainwright CFB Airfield 21,2024-04-02 22:00,8.8,60,0,0,12,167
Wainwright CFB Airfield 21,2024-04-02 23:00,6.9,67,0,0,10.6,171
Wainwright CFB Airfield 21,2024-04-03 00:00,6.7,67,0,0,14,192
Wainwright CFB Airfield 21,2024-04-03 01:00,6.3,67,0,0,13.6,199
Wainwright CFB Airfield 21,2024-04-03 02:00,6.4,64,0,0,9.7,205
Wainwright CFB Airfield 21,2024-04-03 03:00,4.7,69,0,0,11.2,198
Wainwright CFB Airfield 21,2024-04-03 04:00,4.8,69,0,0,5.2,182
Wainwright CFB Airfield 21,2024-04-03 05:00,5,69,0,0,4.7,140
Wainwright CFB Airfield 21,2024-04-03 06:00,6,66,0.6,0,3.9,132
Wainwright CFB Airfield 21,2024-04-03 07:00,4.6,72,16,0,7.5,176
Wainwright CFB Airfield 21,2024-04-03 08:00,5.8,70,83.5,0,11.4,182
Wainwright CFB Airfield 21,2024-04-03 09:00,9,57,238,0,15.3,258
Wainwright CFB Airfield 21,2024-04-03 10:00,8.5,67,270.1,0,31.2,322
Wainwright CFB Airfield 21,2024-04-03 11:00,7.1,70,236.2,0,32.8,325
Wainwright CFB Airfield 21,2024-04-03 12:00,6.3,69,251.6,0,30.4,329
Wainwright CFB Airfield 21,2024-04-03 13:00,5.3,65,215.6,0,28.3,314
Wainwright CFB Airfield 21,2024-04-03 14:00,7.4,54,378.1,0,23,326
Wainwright CFB Airfield 21,2024-04-03 15:00,8.4,50,513.9,0,19.7,338
Wainwright CFB Airfield 21,2024-04-03 16:00,10.1,42,496.8,0,18.3,346
Wainwright CFB Airfield 21,2024-04-03 17:00,9.7,40,346.6,0,17.2,349
Wainwright CFB Airfield 21,2024-04-03 18:00,8.7,42,215.1,0,11.1,344
Wainwright CFB Airfield 21,2024-04-03 19:00,6.4,45,55.2,0,6.6,328
Wainwright CFB Airfield 21,2024-04-03 20:00,3.6,55,1.5,0,3.5,288
Wainwright CFB Airfield 21,2024-04-03 21:00,2.4,61,0,0,6.7,301
Wainwright CFB Airfield 21,2024-04-03 22:00,1.6,61,0,0,6.6,354
Wainwright CFB Airfield 21,2024-04-03 23:00,1.8,60,0,0,7.9,335
Wainwright CFB Airfield 21,2024-04-04 00:00,0.6,63,0,0,3.3,47
Wainwright CFB Airfield 21,2024-04-04 01:00,-0.2,67,0,0,2.9,40
Wainwright CFB Airfield 21,2024-04-04 02:00,-0.9,72,0,0,4.1,24
Wainwright CFB Airfield 21,2024-04-04 03:00,-1.1,73,0,0,5.2,44
Wainwright CFB Airfield 21,2024-04-04 04:00,-0.5,72,0,0,6.9,30
Wainwright CFB Airfield 21,2024-04-04 05:00,0.9,57,0,0,8,40
Wainwright CFB Airfield 21,2024-04-04 06:00,0.8,54,0.5,0,7.8,40
Wainwright CFB Airfield 21,2024-04-04 07:00,0.8,53,13.9,0,6.7,48
Wainwright CFB Airfield 21,2024-04-04 08:00,1.6,49,52.4,0,8.3,43
Wainwright CFB Airfield 21,2024-04-04 09:00,3.2,44,143,0,9,49
Wainwright CFB Airfield 21,2024-04-04 10:00,4.3,40,189.1,0,9,48
Wainwright CFB Airfield 21,2024-04-04 11:00,5.9,34,203.5,0,14.4,65
Wainwright CFB Airfield 21,2024-04-04 12:00,5.5,42,289.1,0,18.3,79
Wainwright CFB Airfield 21,2024-04-04 13:00,5.5,40,258.2,0,14.4,74
Wainwright CFB Airfield 21,2024-04-04 14:00,5.6,40,232.4,0,16.4,72
Wainwright CFB Airfield 21,2024-04-04 15:00,5,50,168.8,0,21.8,76
Wainwright CFB Airfield 21,2024-04-04 16:00,4.8,48.6,124.4,0,15,65.5
Wainwright CFB Airfield 21,2024-04-04 17:00,4.5,51,119.7,0,13.3,50
Wainwright CFB Airfield 21,2024-04-04 18:00,3.7,57,56,0,12.9,45
Wainwright CFB Airfield 21,2024-04-04 19:00,3.4,56,17.4,0,9.1,55
Wainwright CFB Airfield 21,2024-04-04 20:00,3.4,56,0.5,0,10.1,55
Wainwright CFB Airfield 21,2024-04-04 21:00,3.2,59,0,0,12.1,47
Wainwright CFB Airfield 21,2024-04-04 22:00,2.9,64,0,0,13.4,47
Wainwright CFB Airfield 21,2024-04-04 23:00,2.4,69,0,0,12.8,47
Wainwright CFB Airfield 21,2024-04-05 00:00,1.8,79,0,0,14.6,47
Wainwright CFB Airfield 21,2024-04-05 01:00,1.4,83,0,0,13,48
Wainwright CFB Airfield 21,2024-04-05 02:00,0.4,97,0,0,12.5,44
Wainwright CFB Airfield 21,2024-04-05 03:00,-0.2,100,0,0,12.2,43
Wainwright CFB Airfield 21,2024-04-05 04:00,-0.3,100,0,0.4,12.3,41
Wainwright CFB Airfield 21,2024-04-05 05:00,-0.3,100,0,0,13.2,47
Wainwright CFB Airfield 21,2024-04-05 06:00,-0.2,100,0.5,0,10.6,50
Wainwright CFB Airfield 21,2024-04-05 07:00,0,100,11.7,0.2,3.9,58
Wainwright CFB Airfield 21,2024-04-05 08:00,0.2,100,34.3,0.2,5.9,39
Wainwright CFB Airfield 21,2024-04-05 09:00,0.5,100,95.2,0.5,7.3,38
Wainwright CFB Airfield 21,2024-04-05 10:00,1,93,151.3,0,8.9,40
Wainwright CFB Airfield 21,2024-04-05 11:00,1.6,90,211.1,0,8.6,25
Wainwright CFB Airfield 21,2024-04-05 12:00,1.9,86,200,0,7.5,36
Wainwright CFB Airfield 21,2024-04-05 13:00,2.1,84,170.1,0,5.7,35
Wainwright CFB Airfield 21,2024-04-05 14:00,2.6,79,142.9,0,4.4,31
Wainwright CFB Airfield 21,2024-04-05 15:00,2.9,79,114.7,0,7,13
Wainwright CFB Airfield 21,2024-04-05 16:00,3.3,77,60.5,0,7.8,8
Wainwright CFB Airfield 21,2024-04-05 17:00,3.2,77,38.9,0,8.5,331
Wainwright CFB Airfield 21,2024-04-05 18:00,2.7,80,35,0,10.2,328
Wainwright CFB Airfield 21,2024-04-05 19:00,2.3,84,15,0,9.5,344
Wainwright CFB Airfield 21,2024-04-05 20:00,1.9,85,0.9,0,8,348
Wainwright CFB Airfield 21,2024-04-05 21:00,1.6,87,0,0,14.3,310
Wainwright CFB Airfield 21,2024-04-05 22:00,1.3,92,0,0,7.8,318
Wainwright CFB Airfield 21,2024-04-05 23:00,1,92,0,0,9.8,348
Wainwright CFB Airfield 21,2024-04-06 00:00,0.7,92,0,0,11.1,353
Wainwright CFB Airfield 21,2024-04-06 01:00,0.6,94,0,0,9.2,356
Wainwright CFB Airfield 21,2024-04-06 02:00,0.5,94,0,0,5.4,354
Wainwright CFB Airfield 21,2024-04-06 03:00,0.3,96,0,0,13.6,336
Wainwright CFB Airfield 21,2024-04-06 04:00,0.5,94,0,0,8.2,357
Wainwright CFB Airfield 21,2024-04-06 05:00,0.3,96,0,0,10.4,339
Wainwright CFB Airfield 21,2024-04-06 06:00,0.4,95,0.6,0,11.6,350
Wainwright CFB Airfield 21,2024-04-06 07:00,0.6,94,7.2,0,8.1,342
Wainwright CFB Airfield 21,2024-04-06 08:00,0.7,94,15.1,0,9.9,309
Wainwright CFB Airfield 21,2024-04-06 09:00,0.4,100,30.2,0,15.2,337
Wainwright CFB Airfield 21,2024-04-06 10:00,0.8,100,114.1,0,15.8,343
Wainwright CFB Airfield 21,2024-04-06 11:00,1.7,89,105.1,0,13.3,345
Wainwright CFB Airfield 21,2024-04-06 12:00,2.7,84,170.4,0,13.1,1
Wainwright CFB Airfield 21,2024-04-06 13:00,3.1,81,245.3,0,14.6,348
Wainwright CFB Airfield 21,2024-04-06 14:00,4.1,76,195.4,0,14,353
Wainwright CFB Airfield 21,2024-04-06 15:00,4.7,74,183,0,15.2,351
Wainwright CFB Airfield 21,2024-04-06 16:00,5,71,138.4,0,13.5,353
Wainwright CFB Airfield 21,2024-04-06 17:00,4.5,72,142.1,0,11.8,358
Wainwright CFB Airfield 21,2024-04-06 18:00,3.8,75,98.8,0,13.9,333
Wainwright CFB Airfield 21,2024-04-06 19:00,2.4,82,22,0,9.7,318
Wainwright CFB Airfield 21,2024-04-06 20:00,2.2,84,0.6,0,9.5,313
Wainwright CFB Airfield 21,2024-04-06 21:00,2.1,84,0,0,11.5,311
Wainwright CFB Airfield 21,2024-04-06 22:00,1.8,86,0,0,12.1,323
Wainwright CFB Airfield 21,2024-04-06 23:00,1.4,90.5,0,0,14.6,334.3
Wainwright CFB Airfield 21,2024-04-07 00:00,1.3,91,0,0,7.4,325
Wainwright CFB Airfield 21,2024-04-07 01:00,0.9,94,0,0,11.4,301
Wainwright CFB Airfield 21,2024-04-07 02:00,0.8,94,0,0,12.5,306
Wainwright CFB Airfield 21,2024-04-07 03:00,0.9,90.8,0,0,8.7,334.8
Wainwright CFB Airfield 21,2024-04-07 04:00,0.8,92.1,0,0,5.6,345
Wainwright CFB Airfield 21,2024-04-07 05:00,0.7,99,0,0,9.1,279
Wainwright CFB Airfield 21,2024-04-07 06:00,0.6,99.8,0.8,0,7.9,322.2
Wainwright CFB Airfield 21,2024-04-07 07:00,0.7,99.8,17,0,10.6,308.9
Wainwright CFB Airfield 21,2024-04-07 08:00,1.1,99.2,67.4,0,6.6,302.8
Wainwright CFB Airfield 21,2024-04-07 09:00,1.7,95,108.1,0,8.8,314
Wainwright CFB Airfield 21,2024-04-07 10:00,2.8,86,175.3,0,6.2,308
Wainwright CFB Airfield 21,2024-04-07 11:00,4.3,80,351.5,0,7.4,293
Wainwright CFB Airfield 21,2024-04-07 12:00,5.8,71,469.3,0,6.4,257
Wainwright CFB Airfield 21,2024-04-07 13:00,7.6,62,583.5,0,5,334
Wainwright CFB Airfield 21,2024-04-07 14:00,8.7,53,457.8,0,6.4,318
Wainwright CFB Airfield 21,2024-04-07 15:00,9.5,51,379.4,0,3.7,344
Wainwright CFB Airfield 21,2024-04-07 16:00,10.4,47,353.7,0,5,152
Wainwright CFB Airfield 21,2024-04-07 17:00,10.9,43,398.3,0,3.2,217
Wainwright CFB Airfield 21,2024-04-07 18:00,10.5,44,197,0,2.1,145
Wainwright CFB Airfield 21,2024-04-07 19:00,8.8,51,83.9,0,7.7,168
Wainwright CFB Airfield 21,2024-04-07 20:00,7.8,54,4.1,0,8,160
Wainwright CFB Airfield 21,2024-04-07 21:00,5.5,63,0,0,6.6,158
Wainwright CFB Airfield 21,2024-04-07 22:00,3.8,68,0,0,8.2,202
Wainwright CFB Airfield 21,2024-04-07 23:00,2.8,72,0,0,6.6,209
Wainwright CFB Airfield 21,2024-04-08 00:00,2.8,70,0,0,10.3,214
Wainwright CFB Airfield 21,2024-04-08 01:00,2,72,0,0,9,217
Wainwright CFB Airfield 21,2024-04-08 02:00,1.8,74,0,0,10.2,232
Wainwright CFB Airfield 21,2024-04-08 03:00,0.7,76,0,0,3.8,222
Wainwright CFB Airfield 21,2024-04-08 04:00,-0.3,84,0,0,2.3,136
Wainwright CFB Airfield 21,2024-04-08 05:00,0.1,84,0,0,3.7,204
Wainwright CFB Airfield 21,2024-04-08 06:00,0,87,3.7,0,4.3,190
Wainwright CFB Airfield 21,2024-04-08 07:00,1.8,81,81.6,0,4.9,178
Wainwright CFB Airfield 21,2024-04-08 08:00,5.9,68,236.9,0,1.8,173
Wainwright CFB Airfield 21,2024-04-08 09:00,8.2,60,399.7,0,5.5,226
Wainwright CFB Airfield 21,2024-04-08 10:00,12.3,43,540.6,0,4.7,195
Wainwright CFB Airfield 21,2024-04-08 11:00,13.2,35,649.6,0,14.2,163
Wainwright CFB Airfield 21,2024-04-08 12:00,13.3,34,592.6,0,17.6,163
Wainwright CFB Airfield 21,2024-04-08 13:00,13.8,31,701.3,0,13.3,190
Wainwright CFB Airfield 21,2024-04-08 14:00,14.7,23,789.2,0,17.3,209
Wainwright CFB Airfield 21,2024-04-08 15:00,14.8,25,636.8,0,15.6,225
Wainwright CFB Airfield 21,2024-04-08 16:00,15.1,22,390.8,0,15.4,236
Wainwright CFB Airfield 21,2024-04-08 17:00,14.6,24,331.1,0,17.8,205
Wainwright CFB Airfield 21,2024-04-08 18:00,13.4,24,164.7,0,16.1,232
Wainwright CFB Airfield 21,2024-04-08 19:00,10.3,31,49,0,9.3,200
Wainwright CFB Airfield 21,2024-04-08 20:00,8.5,34,2.5,0,8.8,187
Wainwright CFB Airfield 21,2024-04-08 21:00,7.2,38,0,0,10.1,196
Wainwright CFB Airfield 21,2024-04-08 22:00,6,41,0,0,9.5,206
Wainwright CFB Airfield 21,2024-04-08 23:00,5.3,45,0,0,12.7,178
Wainwright CFB Airfield 21,2024-04-09 00:00,5.7,47,0,0,10.3,187
Wainwright CFB Airfield 21,2024-04-09 01:00,5.2,51,0,0,13.3,211
Wainwright CFB Airfield 21,2024-04-09 02:00,4.3,56,0,0,14.7,226
Wainwright CFB Airfield 21,2024-04-09 03:00,3.4,60,0,0,13.2,233
Wainwright CFB Airfield 21,2024-04-09 04:00,3.5,57,0,0,9.6,232
Wainwright CFB Airfield 21,2024-04-09 05:00,2.7,57,0,0,6.2,261
Wainwright CFB Airfield 21,2024-04-09 06:00,1.6,60,3.8,0,11.3,260
Wainwright CFB Airfield 21,2024-04-09 07:00,3.9,53,98.1,0,14.2,294
Wainwright CFB Airfield 21,2024-04-09 08:00,7.9,41,248.2,0,17.5,319
Wainwright CFB Airfield 21,2024-04-09 09:00,10.3,35,410.2,0,20.8,327
Wainwright CFB Airfield 21,2024-04-09 10:00,11.6,34,556.3,0,20.3,328
Wainwright CFB Airfield 21,2024-04-09 11:00,12.6,31,667.2,0,20.6,320
Wainwright CFB Airfield 21,2024-04-09 12:00,13.3,29,733.4,0,23.6,330
Wainwright CFB Airfield 21,2024-04-09 13:00,14.1,27,744.2,0,19.3,328
Wainwright CFB Airfield 21,2024-04-09 14:00,14.1,26,724.5,0,22.7,319
Wainwright CFB Airfield 21,2024-04-09 15:00,14.7,20,597.2,0,22.3,320
Wainwright CFB Airfield 21,2024-04-09 16:00,14,20,534.8,0,21.5,326
Wainwright CFB Airfield 21,2024-04-09 17:00,12.7,23,408.5,0,24.3,321
Wainwright CFB Airfield 21,2024-04-09 18:00,11,23,186.6,0,23.9,325
Wainwright CFB Airfield 21,2024-04-09 19:00,9.1,27,33.7,0,17.8,315
Wainwright CFB Airfield 21,2024-04-09 20:00,8,35,3.2,0,22.8,297
Wainwright CFB Airfield 21,2024-04-09 21:00,7.1,40,0,0,23.2,289
Wainwright CFB Airfield 21,2024-04-09 22:00,5.9,45,0,0,24.3,289
Wainwright CFB Airfield 21,2024-04-09 23:00,5.1,42,0,0,23.9,299
Wainwright CFB Airfield 21,2024-04-10 00:00,4.9,39,0,0,22.8,314
Wainwright CFB Airfield 21,2024-04-10 01:00,3.9,44,0,0,17,312
Wainwright CFB Airfield 21,2024-04-10 02:00,3.4,44,0,0,27.6,305
Wainwright CFB Airfield 21,2024-04-10 03:00,2.1,52,0,0,23.3,303
Wainwright CFB Airfield 21,2024-04-10 04:00,0.7,60,0,0,18.2,293
Wainwright CFB Airfield 21,2024-04-10 05:00,0.4,62,0,0,21.5,283
Wainwright CFB Airfield 21,2024-04-10 06:00,0.4,64,4,0,24.8,283
Wainwright CFB Airfield 21,2024-04-10 07:00,2.3,59,74.3,0,27.3,290
Wainwright CFB Airfield 21,2024-04-10 08:00,4.6,50,256.4,0,30.4,300
Wainwright CFB Airfield 21,2024-04-10 09:00,6.4,45,421.9,0,28.8,312
Wainwright CFB Airfield 21,2024-04-10 10:00,6.8,45,559.5,0,26.7,326
Wainwright CFB Airfield 21,2024-04-10 11:00,6.6,45,574.5,0,30.4,317
Wainwright CFB Airfield 21,2024-04-10 12:00,8.1,39,642.3,0,25.9,334
Wainwright CFB Airfield 21,2024-04-10 13:00,9,29,637.1,0,25.4,336
Wainwright CFB Airfield 21,2024-04-10 14:00,9.8,26,672,0,26.9,328
Wainwright CFB Airfield 21,2024-04-10 15:00,10.7,24,687.6,0,27.3,324
Wainwright CFB Airfield 21,2024-04-10 16:00,10.9,21,552.7,0,22.5,322
Wainwright CFB Airfield 21,2024-04-10 17:00,9.5,22,458.7,0,24.9,312
Wainwright CFB Airfield 21,2024-04-10 18:00,9.7,23,201.3,0,17.8,326
Wainwright CFB Airfield 21,2024-04-10 19:00,6.7,28,87.3,0,9.1,316
Wainwright CFB Airfield 21,2024-04-10 20:00,3.8,36,5,0,8.6,292
Wainwright CFB Airfield 21,2024-04-10 21:00,2.9,40,0,0,9.3,310
Wainwright CFB Airfield 21,2024-04-10 22:00,3,41,0,0,5.8,344
Wainwright CFB Airfield 21,2024-04-10 23:00,-0.2,48,0,0,5.9,48
Wainwright CFB Airfield 21,2024-04-11 00:00,0.6,48,0,0,2.3,170
Wainwright CFB Airfield 21,2024-04-11 01:00,-0.4,52,0,0,5.5,169
Wainwright CFB Airfield 21,2024-04-11 02:00,-0.7,54,0,0,6.9,199
Wainwright CFB Airfield 21,2024-04-11 03:00,-1.9,62,0,0,6.7,185
Wainwright CFB Airfield 21,2024-04-11 04:00,-2.3,62,0,0,6.9,192
Wainwright CFB Airfield 21,2024-04-11 05:00,-3,66,0,0,4.5,183
Wainwright CFB Airfield 21,2024-04-11 06:00,-2.3,65,11,0,8,176
Wainwright CFB Airfield 21,2024-04-11 07:00,-0.4,59,107.2,0,4.8,154
Wainwright CFB Airfield 21,2024-04-11 08:00,4.1,47,264.5,0,11.2,165
Wainwright CFB Airfield 21,2024-04-11 09:00,7.6,34,417.6,0,13.9,171
Wainwright CFB Airfield 21,2024-04-11 10:00,10.2,26,548.4,0,15.7,183
Wainwright CFB Airfield 21,2024-04-11 11:00,11,23,642.2,0,15.2,152
Wainwright CFB Airfield 21,2024-04-11 12:00,11.9,20,684.9,0,19.6,188
Wainwright CFB Airfield 21,2024-04-11 13:00,12.5,19,685,0,16.8,166
Wainwright CFB Airfield 21,2024-04-11 14:00,13.1,18,652.9,0,16.6,161
Wainwright CFB Airfield 21,2024-04-11 15:00,12.4,19,539.4,0,14,141
Wainwright CFB Airfield 21,2024-04-11 16:00,12.3,20,300.6,0,21.3,158
Wainwright CFB Airfield 21,2024-04-11 17:00,11.9,20,186.6,0,10.4,129
Wainwright CFB Airfield 21,2024-04-11 18:00,11.4,22,91.5,0,12.7,122
Wainwright CFB Airfield 21,2024-04-11 19:00,10.6,24,33.2,0,20,117
Wainwright CFB Airfield 21,2024-04-11 20:00,9.8,26,1.8,0,17,119
Wainwright CFB Airfield 21,2024-04-11 21:00,8.9,29,0,0,18.6,122
Wainwright CFB Airfield 21,2024-04-11 22:00,8.3,31,0,0,19.2,123
Wainwright CFB Airfield 21,2024-04-11 23:00,7.2,33,0,0,22.8,122
Wainwright CFB Airfield 21,2024-04-12 00:00,6.7,34,0,0,20.3,121
Wainwright CFB Airfield 21,2024-04-12 01:00,6.6,33,0,0,24.4,120
Wainwright CFB Airfield 21,2024-04-12 02:00,6.8,30,0,0,10.1,129
Wainwright CFB Airfield 21,2024-04-12 03:00,6.6,29,0,0,10.8,136
Wainwright CFB Airfield 21,2024-04-12 04:00,5.9,33,0,0,14.6,145
Wainwright CFB Airfield 21,2024-04-12 05:00,5.5,35,0,0,14.3,122
Wainwright CFB Airfield 21,2024-04-12 06:00,4.8,39,3.2,0,5.1,130
Wainwright CFB Airfield 21,2024-04-12 07:00,5,40,43.4,0,7.2,125
Wainwright CFB Airfield 21,2024-04-12 08:00,6.7,42,124.6,0,18,172
Wainwright CFB Airfield 21,2024-04-12 09:00,8.1,44,281.1,0,15.6,201
Wainwright CFB Airfield 21,2024-04-12 10:00,10.4,40,564.1,0,8.6,205
Wainwright CFB Airfield 21,2024-04-12 11:00,14.3,29,679.4,0,13.4,255
Wainwright CFB Airfield 21,2024-04-12 12:00,15.9,24,740.8,0,17.2,311
Wainwright CFB Airfield 21,2024-04-12 13:00,16.5,24,749.2,0,24.1,296
Wainwright CFB Airfield 21,2024-04-12 14:00,16.2,25,642.3,0,27,275
Wainwright CFB Airfield 21,2024-04-12 15:00,15.3,26,633.3,0,24.5,283
Wainwright CFB Airfield 21,2024-04-12 16:00,15.3,27,388.7,0,23.7,290
Wainwright CFB Airfield 21,2024-04-12 17:00,14.6,28,272.5,0,15.8,292
Wainwright CFB Airfield 21,2024-04-12 18:00,13.8,29,155.9,0,10.3,303
Wainwright CFB Airfield 21,2024-04-12 19:00,13.2,30,111.5,0,3.6,334
Wainwright CFB Airfield 21,2024-04-12 20:00,8.4,41,3.3,0,5,94
Wainwright CFB Airfield 21,2024-04-12 21:00,8.8,42,0,0,5.4,100
Wainwright CFB Airfield 21,2024-04-12 22:00,10.5,49,0,0,12.8,238
Wainwright CFB Airfield 21,2024-04-12 23:00,7.4,55,0,0,7.4,340
Wainwright CFB Airfield 21,2024-04-13 00:00,5.3,60,0,0,4.4,41
Wainwright CFB Airfield 21,2024-04-13 01:00,5.2,61,0,0,3.3,110
Wainwright CFB Airfield 21,2024-04-13 02:00,1.7,76,0,0,4.7,34
Wainwright CFB Airfield 21,2024-04-13 03:00,2.4,74,0,0,5.1,194
Wainwright CFB Airfield 21,2024-04-13 04:00,3.3,76,0,0,12.2,277
Wainwright CFB Airfield 21,2024-04-13 05:00,3.5,73,0,0,14.5,294
Wainwright CFB Airfield 21,2024-04-13 06:00,3.7,72,3.5,0,5.3,317
Wainwright CFB Airfield 21,2024-04-13 07:00,4.9,61,86.5,0,3.2,349
Wainwright CFB Airfield 21,2024-04-13 08:00,8.7,45,262.5,0,7.7,24
Wainwright CFB Airfield 21,2024-04-13 09:00,10.4,32,445.4,0,15.8,359
Wainwright CFB Airfield 21,2024-04-13 10:00,10.7,34,579.7,0,16.7,334
Wainwright CFB Airfield 21,2024-04-13 11:00,11.3,33,671.3,0,19.1,331
Wainwright CFB Airfield 21,2024-04-13 12:00,12.4,33,658.4,0,17.9,315
Wainwright CFB Airfield 21,2024-04-13 13:00,13,31,633.2,0,17.1,313
Wainwright CFB Airfield 21,2024-04-13 14:00,12,33,540.9,0,17.4,317
Wainwright CFB Airfield 21,2024-04-13 15:00,14,29,661.9,0,14,297
Wainwright CFB Airfield 21,2024-04-13 16:00,13.7,24,584.5,0,19.5,317
Wainwright CFB Airfield 21,2024-04-13 17:00,13.5,23,423.1,0,23.7,307
Wainwright CFB Airfield 21,2024-04-13 18:00,12,23,204.9,0,18.9,326
Wainwright CFB Airfield 21,2024-04-13 19:00,10.3,25,62.5,0,7.6,324
Wainwright CFB Airfield 21,2024-04-13 20:00,7.3,30,5.3,0,4.4,320
Wainwright CFB Airfield 21,2024-04-13 21:00,5.8,35,0,0,5.3,68
Wainwright CFB Airfield 21,2024-04-13 22:00,5.9,35,0,0,6.3,191
Wainwright CFB Airfield 21,2024-04-13 23:00,4.6,38,0,0,2.1,235
Wainwright CFB Airfield 21,2024-04-14 00:00,3.8,38,0,0,4.3,38
Wainwright CFB Airfield 21,2024-04-14 01:00,0.4,48,0,0,5.9,48
Wainwright CFB Airfield 21,2024-04-14 02:00,2.2,45,0,0,4,62
Wainwright CFB Airfield 21,2024-04-14 03:00,2.7,44,0,0,4.3,56
Wainwright CFB Airfield 21,2024-04-14 04:00,3.3,43,0,0,5.2,58
Wainwright CFB Airfield 21,2024-04-14 05:00,2.7,45,0,0,5,64
Wainwright CFB Airfield 21,2024-04-14 06:00,2.4,48,3.1,0,5.1,65
Wainwright CFB Airfield 21,2024-04-14 07:00,5.1,39,49.3,0,5.6,122
Wainwright CFB Airfield 21,2024-04-14 08:00,8.6,31,168.3,0,9.7,151
Wainwright CFB Airfield 21,2024-04-14 09:00,11.1,24,381.4,0,10,164
Wainwright CFB Airfield 21,2024-04-14 10:00,12.9,20,496.7,0,4.7,111
Wainwright CFB Airfield 21,2024-04-14 11:00,14.3,19,690.1,0,7.8,4
Wainwright CFB Airfield 21,2024-04-14 12:00,15.2,19,801,0,10.9,79
Wainwright CFB Airfield 21,2024-04-14 13:00,15.5,19,814,0,3.5,54
Wainwright CFB Airfield 21,2024-04-14 14:00,16.7,18,535.1,0,4.8,134
Wainwright CFB Airfield 21,2024-04-14 15:00,15.8,19,467.1,0,11.6,252
Wainwright CFB Airfield 21,2024-04-14 16:00,16.4,18,483.2,0,13.2,215
Wainwright CFB Airfield 21,2024-04-14 17:00,16.4,18,427.6,0,4.1,158
Wainwright CFB Airfield 21,2024-04-14 18:00,15.6,20,253.6,0,9.6,169
Wainwright CFB Airfield 21,2024-04-14 19:00,13.5,22,73.8,0,5.4,148
Wainwright CFB Airfield 21,2024-04-14 20:00,11.5,27,6.2,0,10.7,117
Wainwright CFB Airfield 21,2024-04-14 21:00,10.3,29,0,0,13.5,116
Wainwright CFB Airfield 21,2024-04-14 22:00,8.9,32,0,0,9.3,127
Wainwright CFB Airfield 21,2024-04-14 23:00,7.4,37,0,0,4.3,137
Wainwright CFB Airfield 21,2024-04-15 00:00,6.7,39,0,0,8,139
Wainwright CFB Airfield 21,2024-04-15 01:00,7,38,0,0,9.2,142
Wainwright CFB Airfield 21,2024-04-15 02:00,8.2,35,0,0,13.5,148
Wainwright CFB Airfield 21,2024-04-15 03:00,8.4,35,0,0,13.7,123
Wainwright CFB Airfield 21,2024-04-15 04:00,8.4,35,0,0,12.1,126
Wainwright CFB Airfield 21,2024-04-15 05:00,8.4,35,0,0,15.9,124
Wainwright CFB Airfield 21,2024-04-15 06:00,7.9,37,4.9,0,24.5,114
Wainwright CFB Airfield 21,2024-04-15 07:00,8,36,53.8,0,27.7,117
Wainwright CFB Airfield 21,2024-04-15 08:00,8.3,37,207.1,0,21.7,120
Wainwright CFB Airfield 21,2024-04-15 09:00,9.9,34,310.5,0,17.2,162
Wainwright CFB Airfield 21,2024-04-15 10:00,11,34,350.8,0,17.5,162
Wainwright CFB Airfield 21,2024-04-15 11:00,11.7,33,451.8,0,13.7,172
Wainwright CFB Airfield 21,2024-04-15 12:00,14,30,715.1,0,5.4,138
Wainwright CFB Airfield 21,2024-04-15 13:00,15.4,27,756.6,0,5.1,159
Wainwright CFB Airfield 21,2024-04-15 14:00,16.2,26,614.6,0,10.7,299
Wainwright CFB Airfield 21,2024-04-15 15:00,16.9,26,419,0,17.5,329
Wainwright CFB Airfield 21,2024-04-15 16:00,14.3,29,227.8,0,23.5,336
Wainwright CFB Airfield 21,2024-04-15 17:00,13.2,33,218,0,24.5,334
Wainwright CFB Airfield 21,2024-04-15 18:00,12.3,37,132.1,0,20.3,336
Wainwright CFB Airfield 21,2024-04-15 19:00,9.8,48,55.6,0,17.4,339
Wainwright CFB Airfield 21,2024-04-15 20:00,7.8,61,7.8,0,18.3,339
Wainwright CFB Airfield 21,2024-04-15 21:00,6.7,64,0,0,21.6,329
Wainwright CFB Airfield 21,2024-04-15 22:00,5.7,69,0,0,18.8,346
Wainwright CFB Airfield 21,2024-04-15 23:00,4.9,72,0,0,19.5,355
Wainwright CFB Airfield 21,2024-04-16 00:00,3.9,74,0,0,15.5,5
Wainwright CFB Airfield 21,2024-04-16 01:00,3.3,76,0,0,9,15
Wainwright CFB Airfield 21,2024-04-16 02:00,3.1,76,0,0,14.4,359
Wainwright CFB Airfield 21,2024-04-16 03:00,2.3,82,0,0,11.5,354
Wainwright CFB Airfield 21,2024-04-16 04:00,1.4,87,0,0,11.9,340
Wainwright CFB Airfield 21,2024-04-16 05:00,0.4,91,0,0,10.9,355
Wainwright CFB Airfield 21,2024-04-16 06:00,-0.4,94,4.7,0,9.8,352
Wainwright CFB Airfield 21,2024-04-16 07:00,0.3,94,38.2,0,13.6,335
Wainwright CFB Airfield 21,2024-04-16 08:00,1.6,85,91.8,0,18,329
Wainwright CFB Airfield 21,2024-04-16 09:00,2.9,76,139,0,21.7,330
Wainwright CFB Airfield 21,2024-04-16 10:00,3.8,69,327.1,0,19.9,333
Wainwright CFB Airfield 21,2024-04-16 11:00,4.8,64,432.1,0,20,333
Wainwright CFB Airfield 21,2024-04-16 12:00,5.8,57,565.2,0,20.8,343
Wainwright CFB Airfield 21,2024-04-16 13:00,6.3,53,574.5,0,20.1,338
Wainwright CFB Airfield 21,2024-04-16 14:00,6.8,50,547.2,0,20.3,344
Wainwright CFB Airfield 21,2024-04-16 15:00,6.9,46,371.7,0,21.6,353
Wainwright CFB Airfield 21,2024-04-16 16:00,6.6,49,256,0,30,319
Wainwright CFB Airfield 21,2024-04-16 17:00,4.6,63,185.8,0,30.4,328
Wainwright CFB Airfield 21,2024-04-16 18:00,3.7,66,66.4,0,22.2,332
Wainwright CFB Airfield 21,2024-04-16 19:00,2,69,20,0,25.5,330
Wainwright CFB Airfield 21,2024-04-16 20:00,-0.4,85,3.4,0,30.4,329
Wainwright CFB Airfield 21,2024-04-16 21:00,-1.5,96,0,0.3,25.4,327
Wainwright CFB Airfield 21,2024-04-16 22:00,-1.8,96,0,0,24.6,325
Wainwright CFB Airfield 21,2024-04-16 23:00,-1.5,93,0,0.2,23.4,329
Wainwright CFB Airfield 21,2024-04-17 00:00,-1.2,94,0,0,22,338
Wainwright CFB Airfield 21,2024-04-17 01:00,-1.6,91,0,0,20.9,343
Wainwright CFB Airfield 21,2024-04-17 02:00,-1.9,90,0,0,19.3,341
Wainwright CFB Airfield 21,2024-04-17 03:00,-1.9,87,0,0,23.5,348
Wainwright CFB Airfield 21,2024-04-17 04:00,-1.9,85,0,0,25.7,345
Wainwright CFB Airfield 21,2024-04-17 05:00,-2.1,86,0,0,26.9,349
Wainwright CFB Airfield 21,2024-04-17 06:00,-1.9,84,3.9,0.2,25.4,347
Wainwright CFB Airfield 21,2024-04-17 07:00,-1.6,84,57.1,0,24.1,338
Wainwright CFB Airfield 21,2024-04-17 08:00,-1.6,87,128.3,0,22.5,343
Wainwright CFB Airfield 21,2024-04-17 09:00,-1.3,80,168,0,23.5,343
Wainwright CFB Airfield 21,2024-04-17 10:00,-0.9,79,275.3,0,25.1,338
Wainwright CFB Airfield 21,2024-04-17 11:00,-1.1,77,408.4,0,28.4,333
Wainwright CFB Airfield 21,2024-04-17 12:00,-0.4,76,411.9,0,28.6,336
Wainwright CFB Airfield 21,2024-04-17 13:00,0.4,73,352.1,0,28.6,341
Wainwright CFB Airfield 21,2024-04-17 14:00,1.2,65,601.7,0,26.2,342
Wainwright CFB Airfield 21,2024-04-17 15:00,2.2,55,454.5,0,27.7,346
Wainwright CFB Airfield 21,2024-04-17 16:00,2.3,42,433.5,0,28.6,355
Wainwright CFB Airfield 21,2024-04-17 17:00,2.7,31,255.3,0,25.8,359
Wainwright CFB Airfield 21,2024-04-17 18:00,1.6,31,155.9,0,26.6,357
Wainwright CFB Airfield 21,2024-04-17 19:00,0.3,35,68.7,0,18.8,350
Wainwright CFB Airfield 21,2024-04-17 20:00,-0.9,41,14.6,0,19.1,360
Wainwright CFB Airfield 21,2024-04-17 21:00,-1.6,44,0,0,18.4,352
Wainwright CFB Airfield 21,2024-04-17 22:00,-2.5,49,0,0,16.2,346
Wainwright CFB Airfield 21,2024-04-17 23:00,-3.5,61,0,0,13.1,19
Wainwright CFB Airfield 21,2024-04-18 00:00,-4.3,66,0,0,12.9,3
Wainwright CFB Airfield 21,2024-04-18 01:00,-5.1,67,0,0,16.2,358
Wainwright CFB Airfield 21,2024-04-18 02:00,-5.2,67,0,0,15.5,344
Wainwright CFB Airfield 21,2024-04-18 03:00,-5.4,68,0,0,10.8,334
Wainwright CFB Airfield 21,2024-04-18 04:00,-5.5,69,0,0,9.9,334
Wainwright CFB Airfield 21,2024-04-18 05:00,-5.3,67,0,0,10.1,329
Wainwright CFB Airfield 21,2024-04-18 06:00,-5.9,69,7.5,0,9,327
Wainwright CFB Airfield 21,2024-04-18 07:00,-4.9,66,73.1,0,14.3,345
Wainwright CFB Airfield 21,2024-04-18 08:00,-3.9,61,230.3,0,18.7,354
Wainwright CFB Airfield 21,2024-04-18 09:00,-3.6,64,376.7,0,19.4,340
Wainwright CFB Airfield 21,2024-04-18 10:00,-2.6,59,563.1,0,18.5,354
Wainwright CFB Airfield 21,2024-04-18 11:00,0.9,49,677.8,0,17.9,352
Wainwright CFB Airfield 21,2024-04-18 12:00,0.7,49,567.3,0,18,7
Wainwright CFB Airfield 21,2024-04-18 13:00,1.1,45,409.8,0,16.8,353
Wainwright CFB Airfield 21,2024-04-18 14:00,1.1,45,365.9,0,16.5,7
Wainwright CFB Airfield 21,2024-04-18 15:00,0.9,44,261.1,0,19.9,5
Wainwright CFB Airfield 21,2024-04-18 16:00,1.1,44,224.9,0,17.7,358
Wainwright CFB Airfield 21,2024-04-18 17:00,1.2,43,165.8,0,13.8,358
Wainwright CFB Airfield 21,2024-04-18 18:00,0.5,46,126.7,0,13.4,12
Wainwright CFB Airfield 21,2024-04-18 19:00,-0.7,49,54,0,17.2,15
Wainwright CFB Airfield 21,2024-04-18 20:00,-1.8,52,6,0,15,24
Wainwright CFB Airfield 21,2024-04-18 21:00,-2.6,59,0,0,14.6,27
Wainwright CFB Airfield 21,2024-04-18 22:00,-3.5,64,0,0,12.3,31
Wainwright CFB Airfield 21,2024-04-18 23:00,-4.2,68,0,0,8,8
Wainwright CFB Airfield 21,2024-04-19 00:00,-5.1,73,0,0,9.4,346
Wainwright CFB Airfield 21,2024-04-19 01:00,-5.9,73,0,0,9.6,332
Wainwright CFB Airfield 21,2024-04-19 02:00,-6.8,78,0,0,9.2,320
Wainwright CFB Airfield 21,2024-04-19 03:00,-7,78,0,0,9.7,334
Wainwright CFB Airfield 21,2024-04-19 04:00,-7.4,77,0,0,7.2,332
Wainwright CFB Airfield 21,2024-04-19 05:00,-7.6,73,0.2,0,4.9,337
Wainwright CFB Airfield 21,2024-04-19 06:00,-6.8,70,30.8,0,6.1,350
Wainwright CFB Airfield 21,2024-04-19 07:00,-4.2,61,151.2,0,8.4,21
Wainwright CFB Airfield 21,2024-04-19 08:00,-2.3,52,321.2,0,10.8,18
Wainwright CFB Airfield 21,2024-04-19 09:00,-0.6,41,486.2,0,15.5,350
Wainwright CFB Airfield 21,2024-04-19 10:00,1.2,37,628.8,0,10.5,351
Wainwright CFB Airfield 21,2024-04-19 11:00,3.5,29,734.7,0,10.2,10
Wainwright CFB Airfield 21,2024-04-19 12:00,3.8,21,800,0,13.4,28
Wainwright CFB Airfield 21,2024-04-19 13:00,6.3,18,821,0,8.8,25
Wainwright CFB Airfield 21,2024-04-19 14:00,6.1,17,790,0,9.8,19
Wainwright CFB Airfield 21,2024-04-19 15:00,6.5,16,719.7,0,10.6,2
Wainwright CFB Airfield 21,2024-04-19 16:00,6.9,13,607.9,0,8.4,330
Wainwright CFB Airfield 21,2024-04-19 17:00,7.4,14,459.8,0,6.4,26
Wainwright CFB Airfield 21,2024-04-19 18:00,6.6,13,286.7,0,7.7,356
Wainwright CFB Airfield 21,2024-04-19 19:00,5.5,15,131.9,0,3.6,0
Wainwright CFB Airfield 21,2024-04-19 20:00,1.3,22,19.2,0,5.5,299
Wainwright CFB Airfield 21,2024-04-19 21:00,0.3,24,0,0,6,301
Wainwright CFB Airfield 21,2024-04-19 22:00,-0.5,26,0,0,5,264
Wainwright CFB Airfield 21,2024-04-19 23:00,-1.5,27,0,0,6.8,250
Wainwright CFB Airfield 21,2024-04-20 00:00,-4.2,36,0,0,7.2,217
Wainwright CFB Airfield 21,2024-04-20 01:00,-5.1,39,0,0,8.2,231
Wainwright CFB Airfield 21,2024-04-20 02:00,-5.3,40,0,0,9.7,219
Wainwright CFB Airfield 21,2024-04-20 03:00,-7.2,48,0,0,8.2,219
Wainwright CFB Airfield 21,2024-04-20 04:00,-6.7,46,0,0,13.2,223
Wainwright CFB Airfield 21,2024-04-20 05:00,-7.3,50,0.2,0,6.8,228
Wainwright CFB Airfield 21,2024-04-20 06:00,-6.8,51,33.1,0,9.5,223
Wainwright CFB Airfield 21,2024-04-20 07:00,-4.3,43,161.1,0,10.3,221
Wainwright CFB Airfield 21,2024-04-20 08:00,-0.8,38,328.3,0,11.1,221
Wainwright CFB Airfield 21,2024-04-20 09:00,4.5,27,487.1,0,10.7,249
Wainwright CFB Airfield 21,2024-04-20 10:00,6.6,20,629.5,0,13.8,223
Wainwright CFB Airfield 21,2024-04-20 11:00,8.2,20,734.5,0,14.7,248
Wainwright CFB Airfield 21,2024-04-20 12:00,9.6,18,797.1,0,13.5,245
Wainwright CFB Airfield 21,2024-04-20 13:00,10.8,16,816,0,16.1,213
Wainwright CFB Airfield 21,2024-04-20 14:00,11.2,14,789.5,0,16,215
Wainwright CFB Airfield 21,2024-04-20 15:00,12.4,14,720.3,0,15.8,217
Wainwright CFB Airfield 21,2024-04-20 16:00,12.6,14,610,0,20.3,217
Wainwright CFB Airfield 21,2024-04-20 17:00,12.3,15,465.5,0,19.3,202
Wainwright CFB Airfield 21,2024-04-20 18:00,11.8,14,293.5,0,21.7,195
Wainwright CFB Airfield 21,2024-04-20 19:00,10.2,17,138.2,0,19.8,191
Wainwright CFB Airfield 21,2024-04-20 20:00,6.8,21,22.3,0,13.8,181
Wainwright CFB Airfield 21,2024-04-20 21:00,4.8,26,0.1,0,16.3,173
Wainwright CFB Airfield 21,2024-04-20 22:00,3.1,31,0,0,14.5,158
Wainwright CFB Airfield 21,2024-04-20 23:00,2.1,37,0,0,15.3,155
Wainwright CFB Airfield 21,2024-04-21 00:00,1.6,41,0,0,14.4,154
Wainwright CFB Airfield 21,2024-04-21 01:00,1.7,44,0,0,18.1,163
Wainwright CFB Airfield 21,2024-04-21 02:00,2,45,0,0,20.4,165
Wainwright CFB Airfield 21,2024-04-21 03:00,0.3,50,0,0,16.9,163
Wainwright CFB Airfield 21,2024-04-21 04:00,-0.4,53,0,0,13.5,158
Wainwright CFB Airfield 21,2024-04-21 05:00,-1.4,57,0.3,0,9.3,157
Wainwright CFB Airfield 21,2024-04-21 06:00,-0.5,56,34.7,0,14.8,150
Wainwright CFB Airfield 21,2024-04-21 07:00,2.2,50,162.2,0,18.5,154
Wainwright CFB Airfield 21,2024-04-21 08:00,5.3,41,308,0,29,167
Wainwright CFB Airfield 21,2024-04-21 09:00,8,36,350.4,0,20.1,168
Wainwright CFB Airfield 21,2024-04-21 10:00,9.8,31,234.9,0,20,203
Wainwright CFB Airfield 21,2024-04-21 11:00,7.4,38,341.8,0,23,218
Wainwright CFB Airfield 21,2024-04-21 12:00,8.7,36,315.5,0,5.9,239
Wainwright CFB Airfield 21,2024-04-21 13:00,10.4,29,290.9,0,14.5,272
Wainwright CFB Airfield 21,2024-04-21 14:00,10.7,31,360.2,0,10.8,341
Wainwright CFB Airfield 21,2024-04-21 15:00,10.8,33,356.5,0,12.5,238
Wainwright CFB Airfield 21,2024-04-21 16:00,11.4,44,335.9,0,38.2,239
Wainwright CFB Airfield 21,2024-04-21 17:00,10.5,29,120.3,0,38.2,298
Wainwright CFB Airfield 21,2024-04-21 18:00,9.6,32,73.1,0,29.4,302
Wainwright CFB Airfield 21,2024-04-21 19:00,8.8,37,24.6,0,31.8,300
Wainwright CFB Airfield 21,2024-04-21 20:00,7.4,62,2,0,29.7,294
Wainwright CFB Airfield 21,2024-04-21 21:00,5.4,84,0,0.3,32.4,304
Wainwright CFB Airfield 21,2024-04-21 22:00,6.1,78,0,3.5,25,310
Wainwright CFB Airfield 21,2024-04-21 23:00,6.6,60,0,0,16.7,353
Wainwright CFB Airfield 21,2024-04-22 00:00,6.7,63,0,0,18.2,306
Wainwright CFB Airfield 21,2024-04-22 01:00,8.1,55,0,0,29.6,326
Wainwright CFB Airfield 21,2024-04-22 02:00,8.2,53,0,0,21.3,317
Wainwright CFB Airfield 21,2024-04-22 03:00,8.1,53,0,0,24.7,315
Wainwright CFB Airfield 21,2024-04-22 04:00,7.7,47,0,0,36.3,305
Wainwright CFB Airfield 21,2024-04-22 05:00,6.4,52,0.2,0,29,313
Wainwright CFB Airfield 21,2024-04-22 06:00,6,53,21.1,0,29.2,320
Wainwright CFB Airfield 21,2024-04-22 07:00,6.7,53,171.8,0,30.4,322
Wainwright CFB Airfield 21,2024-04-22 08:00,9.1,47,323.1,0,29.1,330
Wainwright CFB Airfield 21,2024-04-22 09:00,10.3,40,431.7,0,26.5,338
Wainwright CFB Airfield 21,2024-04-22 10:00,12.2,37,579.3,0,23,329
Wainwright CFB Airfield 21,2024-04-22 11:00,13.7,30,719.5,0,23.1,323
Wainwright CFB Airfield 21,2024-04-22 12:00,15.2,27,790.9,0,21,329
Wainwright CFB Airfield 21,2024-04-22 13:00,16.5,18,765.2,0,24.3,337
Wainwright CFB Airfield 21,2024-04-22 14:00,17.7,16,771.3,0,20.2,355
Wainwright CFB Airfield 21,2024-04-22 15:00,17.7,15,702.7,0,18.8,12
Wainwright CFB Airfield 21,2024-04-22 16:00,17.1,14,514.7,0,20.5,353
Wainwright CFB Airfield 21,2024-04-22 17:00,17.8,13,483.6,0,15.8,5
Wainwright CFB Airfield 21,2024-04-22 18:00,17.3,14,293.8,0,13.8,352
Wainwright CFB Airfield 21,2024-04-22 19:00,15.4,16,137.3,0,5.9,31
Wainwright CFB Airfield 21,2024-04-22 20:00,11.9,17,19.8,0,7.1,336
Wainwright CFB Airfield 21,2024-04-22 21:00,8.4,27,0.1,0,9.5,305
Wainwright CFB Airfield 21,2024-04-22 22:00,10.3,21,0,0,13.7,341
Wainwright CFB Airfield 21,2024-04-22 23:00,6.9,27,0,0,5,345
Wainwright CFB Airfield 21,2024-04-23 00:00,6.8,28,0,0,5.9,347
Wainwright CFB Airfield 21,2024-04-23 01:00,3.5,39,0,0,8.3,224
Wainwright CFB Airfield 21,2024-04-23 02:00,2.2,44,0,0,6.4,287
Wainwright CFB Airfield 21,2024-04-23 03:00,0.6,51,0,0,9.6,219
Wainwright CFB Airfield 21,2024-04-23 04:00,0.1,57,0,0,11.3,214
Wainwright CFB Airfield 21,2024-04-23 05:00,-1.2,62,0.4,0,13,221
Wainwright CFB Airfield 21,2024-04-23 06:00,-0.5,61,34.2,0,12.2,226
Wainwright CFB Airfield 21,2024-04-23 07:00,1.7,56,102,0,9.7,228
Wainwright CFB Airfield 21,2024-04-23 08:00,4.6,51,222.6,0,7.1,233
Wainwright CFB Airfield 21,2024-04-23 09:00,8.5,39,506.4,0,8.2,224
Wainwright CFB Airfield 21,2024-04-23 10:00,14.3,23,599.6,0,9,278
Wainwright CFB Airfield 21,2024-04-23 11:00,16.5,19,724.1,0,9.5,280
Wainwright CFB Airfield 21,2024-04-23 12:00,18.8,15,723.4,0,10,304
Wainwright CFB Airfield 21,2024-04-23 13:00,17.1,16,473.9,0,6.5,334
Wainwright CFB Airfield 21,2024-04-23 14:00,17.4,14,656.6,0,6.9,272
Wainwright CFB Airfield 21,2024-04-23 15:00,18.7,13,679.1,0,14.7,314
Wainwright CFB Airfield 21,2024-04-23 16:00,19.6,13,666.4,0,3.9,163
Wainwright CFB Airfield 21,2024-04-23 17:00,18,14,455.3,0,10.8,300
Wainwright CFB Airfield 21,2024-04-23 18:00,18.5,13,298.6,0,9,247
Wainwright CFB Airfield 21,2024-04-23 19:00,16.9,17,134.4,0,1.4,274
Wainwright CFB Airfield 21,2024-04-23 20:00,12.2,21,12.8,0,1.3,50
Wainwright CFB Airfield 21,2024-04-23 21:00,13,19,0.1,0,5.3,122
Wainwright CFB Airfield 21,2024-04-23 22:00,10,24,0,0,7.5,96
Wainwright CFB Airfield 21,2024-04-23 23:00,10.1,25,0,0,11.1,163
Wainwright CFB Airfield 21,2024-04-24 00:00,9.4,27,0,0,8.5,148
Wainwright CFB Airfield 21,2024-04-24 01:00,7.8,31,0,0,6.1,142
Wainwright CFB Airfield 21,2024-04-24 02:00,6.1,36,0,0,7.6,145
Wainwright CFB Airfield 21,2024-04-24 03:00,4.6,44,0,0,2,154
Wainwright CFB Airfield 21,2024-04-24 04:00,4.6,46,0,0,10.6,169
Wainwright CFB Airfield 21,2024-04-24 05:00,5.2,43,0.4,0,9.1,173
Wainwright CFB Airfield 21,2024-04-24 06:00,6.7,38,28.6,0,10.5,150
Wainwright CFB Airfield 21,2024-04-24 07:00,8.3,37,144.4,0,10.3,157
Wainwright CFB Airfield 21,2024-04-24 08:00,11.9,29,327.9,0,15.2,182
Wainwright CFB Airfield 21,2024-04-24 09:00,14.8,25,481.1,0,10.8,185
Wainwright CFB Airfield 21,2024-04-24 10:00,18.1,20,603.8,0,13.8,190
Wainwright CFB Airfield 21,2024-04-24 11:00,19.5,15,682.4,0,29.5,177
Wainwright CFB Airfield 21,2024-04-24 12:00,19.5,16,619.5,0,30.8,154
Wainwright CFB Airfield 21,2024-04-24 13:00,21.9,14,718.4,0,30.7,181
Wainwright CFB Airfield 21,2024-04-24 14:00,21.5,14,670.5,0,30.5,197
Wainwright CFB Airfield 21,2024-04-24 15:00,20.2,15,313.7,0,23,207
Wainwright CFB Airfield 21,2024-04-24 16:00,19.9,14,235.7,0,13.7,225
Wainwright CFB Airfield 21,2024-04-24 17:00,19.8,16,295.2,0,14.9,283
Wainwright CFB Airfield 21,2024-04-24 18:00,18.3,17,173.6,0,16.5,296
Wainwright CFB Airfield 21,2024-04-24 19:00,17.2,19,124.2,0,8.2,291
Wainwright CFB Airfield 21,2024-04-24 20:00,14.5,22,13.6,0,9.3,297
Wainwright CFB Airfield 21,2024-04-24 21:00,13.7,23,0.1,0,9.5,315
Wainwright CFB Airfield 21,2024-04-24 22:00,12.5,28,0,0,20.5,327
Wainwright CFB Airfield 21,2024-04-24 23:00,11.2,37,0,0,27.9,328
Wainwright CFB Airfield 21,2024-04-25 00:00,10.4,41,0,0,21.4,336
Wainwright CFB Airfield 21,2024-04-25 01:00,9.7,44,0,0,14.5,332
Wainwright CFB Airfield 21,2024-04-25 02:00,8.7,48,0,0,13.2,320
Wainwright CFB Airfield 21,2024-04-25 03:00,6.8,56,0,0,13.1,316
Wainwright CFB Airfield 21,2024-04-25 04:00,5.4,63,0,0,8.9,269
Wainwright CFB Airfield 21,2024-04-25 05:00,4.1,72,0.6,0,6.6,288
Wainwright CFB Airfield 21,2024-04-25 06:00,4,75,29.2,0,12.6,318
Wainwright CFB Airfield 21,2024-04-25 07:00,5.3,71,130.7,0,9.9,312
Wainwright CFB Airfield 21,2024-04-25 08:00,8.4,60,277.2,0,10.5,344
Wainwright CFB Airfield 21,2024-04-25 09:00,10.3,51,480.7,0,8.1,296
Wainwright CFB Airfield 21,2024-04-25 10:00,12.5,41,634,0,5.4,215
Wainwright CFB Airfield 21,2024-04-25 11:00,14.2,31,719.3,0,8.8,346
Wainwright CFB Airfield 21,2024-04-25 12:00,14.6,30,780.9,0,6.6,271
Wainwright CFB Airfield 21,2024-04-25 13:00,14.9,26,566.3,0,17.8,269
Wainwright CFB Airfield 21,2024-04-25 14:00,16.2,25,367.2,0,17.5,287
Wainwright CFB Airfield 21,2024-04-25 15:00,16.3,26,579.7,0,16,329
Wainwright CFB Airfield 21,2024-04-25 16:00,15.2,29,364.3,0,16,320
Wainwright CFB Airfield 21,2024-04-25 17:00,13.3,31,479.3,0,14.8,354
Wainwright CFB Airfield 21,2024-04-25 18:00,13,34,250.7,0,14.8,322
Wainwright CFB Airfield 21,2024-04-25 19:00,11.6,35,47.7,0,14.2,337
Wainwright CFB Airfield 21,2024-04-25 20:00,10.4,34,5.2,0,8.1,340
Wainwright CFB Airfield 21,2024-04-25 21:00,9.4,35,0.1,0,8.7,349
Wainwright CFB Airfield 21,2024-04-25 22:00,8.8,37,0,0,13,316
Wainwright CFB Airfield 21,2024-04-25 23:00,8.9,38,0,0,13.9,307
Wainwright CFB Airfield 21,2024-04-26 00:00,7.9,38,0,0,10.8,345
Wainwright CFB Airfield 21,2024-04-26 01:00,6.6,39,0,0,10.2,346
Wainwright CFB Airfield 21,2024-04-26 02:00,6.8,37,0,0,13.8,355
Wainwright CFB Airfield 21,2024-04-26 03:00,6.1,40,0,0,14.7,356
Wainwright CFB Airfield 21,2024-04-26 04:00,4.7,46,0,0,16.3,357
Wainwright CFB Airfield 21,2024-04-26 05:00,2.1,56,1,0,8.9,346
Wainwright CFB Airfield 21,2024-04-26 06:00,1.6,60,51.4,0,12.8,331
Wainwright CFB Airfield 21,2024-04-26 07:00,3.4,60,193.7,0,13.9,337
Wainwright CFB Airfield 21,2024-04-26 08:00,4.1,60,302.4,0,16,357
Wainwright CFB Airfield 21,2024-04-26 09:00,5,57,507.3,0,13,327
Wainwright CFB Airfield 21,2024-04-26 10:00,5.9,56,561.7,0,14.9,352
Wainwright CFB Airfield 21,2024-04-26 11:00,7.5,50,557.5,0,15.1,10
Wainwright CFB Airfield 21,2024-04-26 12:00,7,49,419.7,0,14.9,353
Wainwright CFB Airfield 21,2024-04-26 13:00,7.2,48,476.2,0,12.8,358
Wainwright CFB Airfield 21,2024-04-26 14:00,7.6,46,409.2,0,13.1,22
Wainwright CFB Airfield 21,2024-04-26 15:00,8,44,571.4,0,12,11
Wainwright CFB Airfield 21,2024-04-26 16:00,9.7,38,483.1,0,11.1,23
Wainwright CFB Airfield 21,2024-04-26 17:00,9.6,37,478.3,0,9.5,353
Wainwright CFB Airfield 21,2024-04-26 18:00,9.6,37,267.2,0,6.6,12
Wainwright CFB Airfield 21,2024-04-26 19:00,7.4,41,105.2,0,6.1,33
Wainwright CFB Airfield 21,2024-04-26 20:00,6,45,16.4,0,2.9,73
Wainwright CFB Airfield 21,2024-04-26 21:00,5.7,48,0.1,0,9,84
Wainwright CFB Airfield 21,2024-04-26 22:00,5,50,0,0,11.5,95
Wainwright CFB Airfield 21,2024-04-26 23:00,4.1,52,0,0,10,98
Wainwright CFB Airfield 21,2024-04-27 00:00,2.7,56,0,0,14.2,103
Wainwright CFB Airfield 21,2024-04-27 01:00,1.3,62,0,0,14.7,110
Wainwright CFB Airfield 21,2024-04-27 02:00,0.7,63,0,0,3,143
Wainwright CFB Airfield 21,2024-04-27 03:00,-0.2,68,0,0,6.3,167
Wainwright CFB Airfield 21,2024-04-27 04:00,-0.9,71,0,0,5.7,62
Wainwright CFB Airfield 21,2024-04-27 05:00,-0.5,71,0.3,0,6.3,80
Wainwright CFB Airfield 21,2024-04-27 06:00,0.4,65,11.8,0,10.7,124
Wainwright CFB Airfield 21,2024-04-27 07:00,1.9,56,66.5,0,6.1,138
Wainwright CFB Airfield 21,2024-04-27 08:00,2.7,49,102,0,6.8,136
Wainwright CFB Airfield 21,2024-04-27 09:00,3.5,49,116.2,0,14.1,115
Wainwright CFB Airfield 21,2024-04-27 10:00,4.8,46,137,0,11.9,116
Wainwright CFB Airfield 21,2024-04-27 11:00,6.2,44,229.3,0,17.8,121
Wainwright CFB Airfield 21,2024-04-27 12:00,7.3,44,311.9,0,14.5,119
Wainwright CFB Airfield 21,2024-04-27 13:00,8.2,43,272.9,0,12.9,143
Wainwright CFB Airfield 21,2024-04-27 14:00,9.6,40,423.4,0,15.3,136
Wainwright CFB Airfield 21,2024-04-27 15:00,12.1,36,550.5,0,16.7,143
Wainwright CFB Airfield 21,2024-04-27 16:00,12.9,38,510.3,0,11.5,140
Wainwright CFB Airfield 21,2024-04-27 17:00,13.5,38,410.3,0,28.3,157
Wainwright CFB Airfield 21,2024-04-27 18:00,13.2,37,301.6,0,31.9,161
Wainwright CFB Airfield 21,2024-04-27 19:00,12.3,41,125.1,0,28,157
Wainwright CFB Airfield 21,2024-04-27 20:00,10.4,55,14.6,0,26.8,164
Wainwright CFB Airfield 21,2024-04-27 21:00,8.6,67,0.2,0,24.7,159
Wainwright CFB Airfield 21,2024-04-27 22:00,7.3,74,0,0,22.1,161
Wainwright CFB Airfield 21,2024-04-27 23:00,7.7,74,0,0,18.2,156
Wainwright CFB Airfield 21,2024-04-28 00:00,7.1,80,0,0,16.6,144
Wainwright CFB Airfield 21,2024-04-28 01:00,6,90,0,0,12.3,123
Wainwright CFB Airfield 21,2024-04-28 02:00,6,91,0,0,16.8,118
Wainwright CFB Airfield 21,2024-04-28 03:00,6.6,86,0,0,16.8,116
Wainwright CFB Airfield 21,2024-04-28 04:00,5.6,84,0,0,20.8,106
Wainwright CFB Airfield 21,2024-04-28 05:00,4.9,85,0.7,0,17.6,110
Wainwright CFB Airfield 21,2024-04-28 06:00,4.8,85,22.1,0,16.1,113
Wainwright CFB Airfield 21,2024-04-28 07:00,5.8,82,99.5,0,8.1,101
Wainwright CFB Airfield 21,2024-04-28 08:00,7.3,77,181.9,0,13.6,107
Wainwright CFB Airfield 21,2024-04-28 09:00,9.7,69,327.7,0,6.3,131
Wainwright CFB Airfield 21,2024-04-28 10:00,12.5,58,574.6,0,3.4,107
Wainwright CFB Airfield 21,2024-04-28 11:00,14,53,628.6,0,7.8,163
Wainwright CFB Airfield 21,2024-04-28 12:00,13.4,52,263.6,0,4,271
Wainwright CFB Airfield 21,2024-04-28 13:00,14.6,48,749.7,0,6.3,231
Wainwright CFB Airfield 21,2024-04-28 14:00,16.4,44,590,0,11.3,320
Wainwright CFB Airfield 21,2024-04-28 15:00,15.9,45,568.2,0,15.2,303
Wainwright CFB Airfield 21,2024-04-28 16:00,16.2,39,615.2,0,15.6,306
Wainwright CFB Airfield 21,2024-04-28 17:00,16.7,31,449.7,0,18,275
Wainwright CFB Airfield 21,2024-04-28 18:00,15.9,33,263.4,0,13.1,319
Wainwright CFB Airfield 21,2024-04-28 19:00,12.9,40,115.5,0,5,330
Wainwright CFB Airfield 21,2024-04-28 20:00,11.4,44,20.5,0,5,95
Wainwright CFB Airfield 21,2024-04-28 21:00,8.3,53,0.2,0,4.8,27
Wainwright CFB Airfield 21,2024-04-28 22:00,7.6,55,0,0,4,57
Wainwright CFB Airfield 21,2024-04-28 23:00,5.8,60,0,0,5.1,51
Wainwright CFB Airfield 21,2024-04-29 00:00,6,63,0,0,3.7,58
Wainwright CFB Airfield 21,2024-04-29 01:00,7.9,59,0,0,6.9,83
Wainwright CFB Airfield 21,2024-04-29 02:00,6.9,63,0,0,5.8,24
Wainwright CFB Airfield 21,2024-04-29 03:00,7.2,63,0,0,5.8,142
Wainwright CFB Airfield 21,2024-04-29 04:00,7.8,62,0,0,8.1,297
Wainwright CFB Airfield 21,2024-04-29 05:00,7.1,66,0.5,0,10.5,295
Wainwright CFB Airfield 21,2024-04-29 06:00,7.3,67,12.7,0,6.4,360
Wainwright CFB Airfield 21,2024-04-29 07:00,7,76,39.7,0,11.7,347
Wainwright CFB Airfield 21,2024-04-29 08:00,7.5,76,104.2,0,10.7,42
Wainwright CFB Airfield 21,2024-04-29 09:00,8.1,78,106.2,0,2,310
Wainwright CFB Airfield 21,2024-04-29 10:00,8,87,107.8,0,10.8,310
Wainwright CFB Airfield 21,2024-04-29 11:00,7.3,100,142.1,1,14.7,6
Wainwright CFB Airfield 21,2024-04-29 12:00,8.4,87,206.2,0,12.6,5
Wainwright CFB Airfield 21,2024-04-29 13:00,9.1,81,253.2,0,11.4,9
Wainwright CFB Airfield 21,2024-04-29 14:00,8.2,85,242.2,0,18.6,335
Wainwright CFB Airfield 21,2024-04-29 15:00,6.8,84,110.4,0,19.9,330
Wainwright CFB Airfield 21,2024-04-29 16:00,6.2,85,93.3,0,15.3,327
Wainwright CFB Airfield 21,2024-04-29 17:00,7.2,80,196,0,18.5,325
Wainwright CFB Airfield 21,2024-04-29 18:00,7.1,79,70,0,18.9,334
Wainwright CFB Airfield 21,2024-04-29 19:00,6.1,83,30.1,0,15.5,328
Wainwright CFB Airfield 21,2024-04-29 20:00,5.9,86,7.9,0,15.1,334
Wainwright CFB Airfield 21,2024-04-29 21:00,5.4,88,0.1,0,15.4,320
Wainwright CFB Airfield 21,2024-04-29 22:00,4.9,84,0,0,22.9,330
Wainwright CFB Airfield 21,2024-04-29 23:00,4.6,87,0,0,18.5,325
Wainwright CFB Airfield 21,2024-04-30 00:00,3.8,86,0,0,23.8,313
Wainwright CFB Airfield 21,2024-04-30 01:00,3,96,0,0,20.8,302
Wainwright CFB Airfield 21,2024-04-30 02:00,1.2,100,0,0,21.9,299
Wainwright CFB Airfield 21,2024-04-30 03:00,1,100,0,0.3,21.2,281
Wainwright CFB Airfield 21,2024-04-30 04:00,1.3,100,0,0.3,23.3,291
Wainwright CFB Airfield 21,2024-04-30 05:00,1.3,100,0.3,0,26.9,290
Wainwright CFB Airfield 21,2024-04-30 06:00,1,100,10.2,0,18.9,283
Wainwright CFB Airfield 21,2024-04-30 07:00,1.5,100,42.6,0,23.6,286
Wainwright CFB Airfield 21,2024-04-30 08:00,1.9,99,93.4,0,24.3,295
Wainwright CFB Airfield 21,2024-04-30 09:00,2.4,90,166.2,0,21.6,306
Wainwright CFB Airfield 21,2024-04-30 10:00,2.4,100,181,0,17.8,307
Wainwright CFB Airfield 21,2024-04-30 11:00,2.9,100,208.2,0,14.1,296
Wainwright CFB Airfield 21,2024-04-30 12:00,3.4,89,246.5,0,16.8,265
Wainwright CFB Airfield 21,2024-04-30 13:00,3.9,83,252.1,0,18.2,274
Wainwright CFB Airfield 21,2024-04-30 14:00,4.3,80.2,281.7,0,18.2,300.3
Wainwright CFB Airfield 21,2024-04-30 15:00,4.3,78,245.5,0,15.7,281
Wainwright CFB Airfield 21,2024-04-30 16:00,4.2,79,168.2,0,12.5,286
Wainwright CFB Airfield 21,2024-04-30 17:00,3.9,81,109.2,0,11.1,290
Wainwright CFB Airfield 21,2024-04-30 18:00,3.7,84,52.8,0,12.6,283
Wainwright CFB Airfield 21,2024-04-30 19:00,3,96,26.9,0,12.9,286
Wainwright CFB Airfield 21,2024-04-30 20:00,2.7,100,5.9,0,12.1,273
Wainwright CFB Airfield 21,2024-04-30 21:00,2.6,100,0.1,0,9.8,282
Wainwright CFB Airfield 21,2024-04-30 22:00,2.6,100,0,0,7.7,288
Wainwright CFB Airfield 21,2024-04-30 23:00,2.7,100,0,0,12,291
